[{"id":"87901585.4bd3e8","type":"tab","label":"Flow 1","disabled":true,"info":""},{"id":"27240953.818cd6","type":"tab","label":"Flow 3","disabled":true,"info":""},{"id":"8538bdad.5bdf1","type":"tab","label":"Flow 4","disabled":true,"info":""},{"id":"c3317f34.e25ae","type":"tab","label":"Flow 5","disabled":true,"info":""},{"id":"3d1d028a.272d1e","type":"tab","label":"Flow 6","disabled":true,"info":""},{"id":"68b022e6.58f56c","type":"tab","label":"Flow 7","disabled":false,"info":""},{"id":"255ad2ed.ae140e","type":"tcp request","z":"87901585.4bd3e8","server":"www.google.com","port":"80","out":"time","splitc":"1000","name":"","x":316,"y":174.9999771118164,"wires":[["fb659e19.d3d8a"]]},{"id":"9b081c6.49134e","type":"inject","z":"87901585.4bd3e8","name":"","topic":"","payload":"GET / HTTP/1.1\\r\\n\\r\\nHost: www.google.com","payloadType":"str","repeat":"","crontab":"","once":false,"x":168.00015258789062,"y":77,"wires":[["96ba2d24.c9ca2"]]},{"id":"d7143be6.055818","type":"debug","z":"87901585.4bd3e8","name":"","active":true,"console":"false","complete":"payload","x":531.0001068115234,"y":260.99998474121094,"wires":[]},{"id":"fb659e19.d3d8a","type":"function","z":"87901585.4bd3e8","name":"Parse response buffer into string","func":"msg.payload = msg.payload.toString('utf8');\nreturn msg;","outputs":1,"noerr":0,"x":417.0001220703125,"y":217.9999771118164,"wires":[["d7143be6.055818"]]},{"id":"96ba2d24.c9ca2","type":"function","z":"87901585.4bd3e8","name":"Set GET request string","func":"msg.payload = \"GET / HTTP/1.1\\r\\n\\r\\nHost: www.google.com\"\nreturn msg;","outputs":1,"noerr":0,"x":225.00015258789062,"y":132,"wires":[["255ad2ed.ae140e"]]},{"id":"913565df.dbc1e8","type":"http in","z":"27240953.818cd6","name":"","url":"/hello","method":"get","swaggerDoc":"","x":166,"y":88,"wires":[["7bfcc9ac.36e718"]]},{"id":"7bfcc9ac.36e718","type":"template","z":"27240953.818cd6","name":"page","field":"payload","fieldType":"msg","format":"handlebars","syntax":"mustache","template":"<html>\n    <head></head>\n    <body>\n        <h1>Hello World!</h1>\n    </body>\n</html>","x":316,"y":88,"wires":[["8be50e87.6c197"]]},{"id":"8be50e87.6c197","type":"http response","z":"27240953.818cd6","name":"","x":456,"y":88,"wires":[]},{"id":"1bd943ae.f63d8c","type":"template","z":"8538bdad.5bdf1","name":"page","field":"payload","fieldType":"msg","format":"handlebars","syntax":"mustache","template":"<html>\n    <head></head>\n    <body>\n        <h1>Hello {{req.query.name}}!</h1>\n    </body>\n</html>","x":311,"y":160,"wires":[["65da33b3.a9d87c"]]},{"id":"1c543519.cce87b","type":"http in","z":"8538bdad.5bdf1","name":"","url":"/hello-query","method":"get","upload":false,"swaggerDoc":"","x":141,"y":160,"wires":[["1bd943ae.f63d8c"]]},{"id":"65da33b3.a9d87c","type":"http response","z":"8538bdad.5bdf1","name":"","x":451,"y":160,"wires":[]},{"id":"f77aba0d.923228","type":"comment","z":"8538bdad.5bdf1","name":"https://cookbook.nodered.org/http/handle-query-parameters","info":"http://localhost:1880/hello-query?name=Nick\n을 입력한다.","x":275,"y":56,"wires":[]},{"id":"4deacbc8.539ce4","type":"http in","z":"c3317f34.e25ae","name":"","url":"/hello-json","method":"get","upload":false,"swaggerDoc":"","x":149,"y":181,"wires":[["760df0f.5be891"]]},{"id":"760df0f.5be891","type":"template","z":"c3317f34.e25ae","name":"page","field":"payload","fieldType":"msg","format":"handlebars","syntax":"mustache","template":"{ \"Hello\": \"World\" }","x":319,"y":181,"wires":[["323d0b6c.1ae174"]]},{"id":"323d0b6c.1ae174","type":"change","z":"c3317f34.e25ae","name":"Set Headers","rules":[{"t":"set","p":"headers","pt":"msg","to":"{}","tot":"json"},{"t":"set","p":"headers.content-type","pt":"msg","to":"application/json","tot":"str"}],"action":"","property":"","from":"","to":"","reg":false,"x":479,"y":181,"wires":[["5a8e055e.bb3b7c","446d2701.0ad4d8"]]},{"id":"5a8e055e.bb3b7c","type":"http response","z":"c3317f34.e25ae","name":"","x":639,"y":181,"wires":[]},{"id":"31d90238.1adcbe","type":"comment","z":"c3317f34.e25ae","name":"https://cookbook.nodered.org/http/serve-json-content","info":"","x":252,"y":103,"wires":[]},{"id":"446d2701.0ad4d8","type":"debug","z":"c3317f34.e25ae","name":"","active":true,"tosidebar":true,"console":false,"tostatus":false,"complete":"false","x":638,"y":249,"wires":[]},{"id":"86da98bc.ac5758","type":"http in","z":"3d1d028a.272d1e","name":"","url":"/hello-file","method":"get","upload":false,"swaggerDoc":"","x":190,"y":90,"wires":[["164732e2.65384d"]]},{"id":"164732e2.65384d","type":"file in","z":"3d1d028a.272d1e","name":"","filename":"/tmp/node-red.png","format":"","sendError":true,"x":370,"y":90,"wires":[["ad92d332.65aaa"]]},{"id":"ad92d332.65aaa","type":"change","z":"3d1d028a.272d1e","name":"Set Headers","rules":[{"t":"set","p":"headers","pt":"msg","to":"{}","tot":"json"},{"t":"set","p":"headers.content-type","pt":"msg","to":"image/png","tot":"str"}],"action":"","property":"","from":"","to":"","reg":false,"x":550,"y":90,"wires":[["fd9b562e.f0c448"]]},{"id":"fd9b562e.f0c448","type":"http response","z":"3d1d028a.272d1e","name":"","x":690,"y":90,"wires":[]},{"id":"15a6047b.97433c","type":"comment","z":"3d1d028a.272d1e","name":"Serve a local file","info":"https://cookbook.nodered.org/http/serve-a-local-file\n\n","x":199,"y":27,"wires":[]},{"id":"a7a70a1c.944208","type":"http in","z":"68b022e6.58f56c","name":"","url":"/hello-raw","method":"post","upload":false,"swaggerDoc":"","x":183,"y":111,"wires":[["13623770.ac2609"]]},{"id":"13623770.ac2609","type":"template","z":"68b022e6.58f56c","name":"page","field":"payload","fieldType":"msg","format":"handlebars","syntax":"mustache","template":"<html>\n    <head></head>\n    <body>\n        <h1>Hello {{ payload }}!</h1>\n    </body>\n</html>","x":353,"y":111,"wires":[["9e4e595d.014c88"]]},{"id":"9e4e595d.014c88","type":"http response","z":"68b022e6.58f56c","name":"","statusCode":"","headers":{},"x":493,"y":111,"wires":[]},{"id":"e31b2ff0.5657c","type":"comment","z":"68b022e6.58f56c","name":"Post raw data to a flow","info":"https://cookbook.nodered.org/http/post-raw-data-to-a-flow\n\n","x":212,"y":45,"wires":[]}]